"Reference","Qty","Value","DNP","Exclude from BOM","Footprint","Datasheet","LCSC Part #"
"C1","1","1µF","","","Capacitor_SMD:C_0603_1608Metric","https://jlcpcb.com/api/file/downloadByFileSystemAccessId/8556213788459761664","C15849"
"C2,C3,C5,C6,C8,C9","6","100nF","","","Capacitor_SMD:C_0402_1005Metric","https://www.lcsc.com/datasheet/lcsc_datasheet_2304140030_Samsung-Electro-Mechanics-CL05B104KO5NNNC_C1525.pdf","C1525"
"C14,C16,C23,C24,C33,C34,C35","7","10µF","","","Capacitor_SMD:C_0603_1608Metric","https://jlcpcb.com/api/file/downloadByFileSystemAccessId/8568525238768373760","C96446"
"C27","1","33nF","","","Capacitor_SMD:C_0402_1005Metric","https://www.lcsc.com/datasheet/lcsc_datasheet_2304140030_Samsung-Electro-Mechanics-CL05B104KO5NNNC_C1525.pdf","C507072"
"C30","1","4.7µF","","","Capacitor_SMD:C_0603_1608Metric","https://jlcpcb.com/api/file/downloadByFileSystemAccessId/8579707103462166528","C19666"
"J1,J2","2","TYPE-C 16PLT-H10.0","","","easyeda2kicad:TYPE-C-SMD_USB4120-03-C","https://www.usb.org/sites/default/files/documents/usb_type-c.zip","C3151749"
"MK1","1","ICS-43434","","","Sensor_Audio:InvenSense_ICS-43434-6_3.5x2.65mm","https://www.invensense.com/wp-content/uploads/2016/02/DS-000069-ICS-43434-v1.2.pdf","C5656610"
"R1,R4,R5,R6,R7,R8,R9,R10","8","10kΩ","","","Resistor_SMD:R_0603_1608Metric","https://jlcpcb.com/api/file/downloadByFileSystemAccessId/8579706381320323072","C25804"
"R2","1","100kΩ","","","Resistor_SMD:R_0603_1608Metric","https://jlcpcb.com/api/file/downloadByFileSystemAccessId/8579706350726930432","C25803"
"R3","1","100Ω","","","Resistor_SMD:R_0603_1608Metric","https://jlcpcb.com/api/file/downloadByFileSystemAccessId/8579706114222985216","C22775"
"R16,R20","2","100kΩ","","","Resistor_SMD:R_0402_1005Metric","https://jlc-prod-smt.oss-eu-central-1.aliyuncs.com/smtDataManualFile/8738158350643609600-C60491.pdf?response-content-disposition=attachment%3B%20filename%3DC60491.pdf%3B%20filename%2A%3DUTF-8%27%27C60491.pdf&x-oss-date=20260606T132855Z&x-oss-expires=1800&x-oss-security-token=CAISgAN1q6Ft5B2yfSjIr5mNLtLCv4lLgoGDNUv3knJif%2B5gh5%2FPjDz2IHhMdHJsAOodtv0%2FmmhT6PkclqRLcbhpcmfjV%2BZHzLB8qdQLjAlA4J7b16cNrbH4M4H6aXeirtuwDsz9SNTCALjPD3nPii50x5bjaDymRCbLGJaViJlhHLN1Ow6jdmhpCctxLAlvo9NgFxm3D%2Fu2NQPwiWf9FVdhvhEG6Vly8qOi2MaRmFy8yFTx0b0SvJ%2BjYMrmPctoN9JnSdC5mfdzau3a1TJ84gRD0a5wkaVA1zbDs5bfISEIuUzebreLqY03dV4mOvdqIcMe8qigz88fk%2FfIioH6xyxKOexoSCnFTOiiupCcQLPyao9jLu6iayqViY7QaIOTqQohZmkAMwVOasAsI3Ngh4zF97Qt0cVNkXO9gWfLI8DtuMleWirC1tx53tHD0eS19jklBdzSlusJRAJJUVBflCeKEaRNSAd3WGhEfM2%2BBt4QT30w5N2u00S8OSMIigi9bqKWD5sagAFTQZvCy5bfwFq9V%2FXs8QME5APVd%2FL2yqfb7dLyID5Qa9nQ8kZviJUPKUspxYRqxjqvOLIMhOXqFaLhHJJU6VxrIe8HRud7NRNGr4KNdIDRKGuBd2qcSEOdljZnoD1RtrRU1xDKqMPmRjAlSeOqgnnxXzJhR2mGbLMawxGBvzK66SAA&x-oss-signature-version=OSS4-HMAC-SHA256&x-oss-credential=STS.NZ8ehvRVj5Ch7mFvr7saLhZdn%2F20260606%2Feu-central-1%2Foss%2Faliyun_v4_request&x-oss-signature=e5f04c9d74b3f5fa304590ea5e8ff035ef2ba81ffe3cf2acb39479798370fb9c","C60491"
"R18","1","560kΩ","","","Resistor_SMD:R_0402_1005Metric","https://jlc-prod-smt.oss-eu-central-1.aliyuncs.com/smtDataManualFile/8586178827076296704-C132339.pdf?response-content-disposition=attachment%3B%20filename%3DC132339.pdf%3B%20filename%2A%3DUTF-8%27%27C132339.pdf&x-oss-date=20260614T172827Z&x-oss-expires=1800&x-oss-security-token=CAISgAN1q6Ft5B2yfSjIr5rGAdDmhZdigKPYeHTU01NnPdtdhbOfoDz2IHhMdHJsAOodtv0%2FmmhT6PkclqRLcbhpcmfjV%2BZHzLB8qeMCjF5F4J7b16cNrbH4M4H6aXeirtuwDsz9SNTCALjPD3nPii50x5bjaDymRCbLGJaViJlhHLN1Ow6jdmhpCctxLAlvo9NgFxm3D%2Fu2NQPwiWf9FVdhvhEG6Vly8qOi2MaRmFy8yFTx0b0SvJ%2BjYMrmPctoN9JnSdC5mfdzau3a1TJ84gRD0a5wkaVA1zbDs5bfISEIuUzebreLqY03dV4mOvdqIcMe8qigz88fk%2FfIioH6xyxKOexoSCnFTOiiupCcQLPyao9jLu6iayqViY7QaIOTqQohZmkAMwVOasAsI3Ngh4zF97Qt0cVNkXO9gWfLI8DtuMleWhqF31xHjtHD0eS19jklBdzSlusJRAJJUVBflCeKEaRNSAd3WGhEfM2%2BBt4QT30w5N2u00S8OSMI8fuxvaKWD5sagAFq47QarHNGYgx4B%2BvMZZIEXTIHWtMNxcQKEHkgCWdQdB8CA%2Bwx3YoJ3Ak0iSsoG3jQYwPibUPuuASo8dH1X2wKmbyM9K3TzwQJkoEdfUzyqNhysneZ%2FK0%2FuPYtKh2XSWaQcBMNgPvLsI%2B4UCJjkE9PkuMfhFpTKmnP0TGHhEzP0SAA&x-oss-signature-version=OSS4-HMAC-SHA256&x-oss-credential=STS.NYsJjRhHC7a3zRe7S21Tqjv4B%2F20260614%2Feu-central-1%2Foss%2Faliyun_v4_request&x-oss-signature=ba36f8446e1846b2f278f937a26f8ad61a3522a26874894961ab626f0abe1c3c","C132339"
"U5,U6","2","SN74LVC1T45DBV","","","Package_TO_SOT_SMD:SOT-23-6","http://www.ti.com/lit/ds/symlink/sn74lvc1t45.pdf","C7843"
"SW2","1","CL-SB-13A-02T","","","easyeda2kicad:SW-SMD_CL-SB-13A-0X","https://www.lcsc.com/datasheet/C2921655.pdf","C2921655"
"U8","1","EA8212HT6R","","","easyeda2kicad:SOT-23-6_L2.9-W1.6-P0.95-LS2.8-BR","https://lcsc.com/product-detail/DC-DC-Converters_Everanalog-IC-design-EA8212HT6R_C609568.html","C609568"
"SW1,SW3,SW4,SW5,SW6","5","EVP-ASAC1A","","","easyeda2kicad:SW-SMD_PANASONIC_EVPASXXX","https://www.lcsc.com/datasheet/C4365033.pdf","C4365033"
"L2","1","4.7uH","","","Inductor_SMD:L_Changjiang_FNR4030S","https://lcsc.com/product-detail/Inductors-SMD_microgate-MGFL2012F2R2MT-LF_C281115.html","C167874"
"CGQ1","1","IRM-H638T/TR2","","","easyeda2kicad:SENSOR-SMD_IRM-H638T-TR2-TL","https://lcsc.com/product-detail/Infrared-Sensors_IRM-H638T-TR2_C91447.html","C91447"
"U10","1","XDJK-0051-025","","","easyeda2kicad:DC-IN-TH_XDJK-0051-025","https://www.lcsc.com/datasheet/C7498153.pdf","C7498153"
"U1,U2,U3,U4","4","ZX-PM2.54-1-16PY","","","easyeda2kicad:HDR-TH_16P-P2.54-V-F-1","https://www.lcsc.com/datasheet/C7499334.pdf","C7499334"
